One;Two
Geoffrey;Signe
Sebastian;Jescie
Aidan;Xaviera
Declan;Kyra
Fuller;Dara
Ezekiel;Octavia
Nathan;Cheyenne
Holmes;Emily
Gary;Wilma
Hakeem;Darryl
Kaseem;Kaitlin
Laith;Brooke
Alden;Aphrodite
Abel;Ramona
Quinlan;Wyoming
Jackson;Rhiannon
Berk;Sandra
Lee;Clare
Wing;Eliana
Abel;Zenia
Tad;Georgia
Raja;Brynn
Cole;Brenna
Allen;Camille
Jordan;Emma
Ivan;Teagan
Hayes;Montana
Alfonso;Janna
Silas;Inez
Wing;Alea
Chaney;Emma
Evan;Alana
Dolan;Melyssa
Christopher;Gail
Lewis;Germane
Coby;Kessie
Dennis;Athena
Elijah;Dora
Jameson;Christine
Eagan;Demetria
Jack;Bethany
Lucian;Leandra
Davis;Cassandra
Callum;Chiquita
Kirk;Britanni
Tate;Cameran
Dante;Chantale
William;Gloria
Peter;Evangeline
Chase;Lunea
Jelani;Camille
Oren;Susan
Omar;Amber
Roth;Charde
Amos;Lillith
Steel;Emi
Orson;Rebekah
Gavin;Joan
Dustin;Kirsten
Robert;Yolanda
Travis;Libby
Dalton;Skyler
Erasmus;Evelyn
Leroy;Bo
Chaney;Lenore
Blake;Chava
Andrew;Ursa
Jerome;Lilah
Tanek;Bryar
Zachery;Kessie
Noah;Rhiannon
Hilel;Imani
Zephania;Kyra
Nash;Adrienne
Merrill;Scarlet
Vaughan;Bell
Stewart;Larissa
Wade;Beatrice
Ignatius;Iona
Dexter;Jescie
Declan;Amaya
Keefe;Josephine
Cedric;Tanya
Cyrus;Kiara
Finn;Glenna
Tiger;Quynn
Uriah;Maya
Edan;Sasha
Colin;Kylie
Craig;Flavia
Rooney;Janna
Ishmael;Michelle
Oren;Katelyn
Graham;Rhonda
Chester;Winifred
Jacob;Raven
Cedric;Priscilla
Cooper;Pamela
Anthony;Lavinia
Bamboula;Madara